18607	12_September
16118	1989
16116	1990
10929	2006
27529	2012
1957	Alan_Lee
45782	Barbara_Remington
2866	Barrels_Out_of_Bond
1493	Bilbo_Baggins
27532	Charles_Dixon
17737	David_T._Wenzel
1944	Dragons
2585	Gandalf
978	HarperCollins
938	J.R.R._Tolkien
51989	Jemima_Catlin
1958	John_Howe
7043	Michael_Hague
996	Middle-earth
1476	Pauline_Baynes
2862	Riddles_in_the_Dark
6727	Roger_Garland
4510	Smaug
1959	Ted_Nasmith
17674	The_Folio_Society
2877	The_Hobbit
5014	The_Hobbit_(disambiguation)
12102	The_Hobbit_(film_series)
975	The_Lord_of_the_Rings
33863	Category:Images_from_The_Hobbit_(comic_book)
