16114	1992
16108	1993
16107	1994
16106	1995
15884	1996
15487	1997
15797	1998
16017	1999
15816	2000
10936	2001
10935	2002
10930	2003
14439	2004
14216	2005
14137	2007
18554	2009
17828	2010
46173	2015
15198	Alex_Lewis
42379	Amanda_Campbell
6971	Amon_Hen_(journal)
11168	Amon_Hen_117
11167	Amon_Hen_118
11161	Amon_Hen_124
11158	Amon_Hen_127
11152	Amon_Hen_133
11148	Amon_Hen_137
11129	Amon_Hen_141
11127	Amon_Hen_143
11113	Amon_Hen_148
11110	Amon_Hen_149
11107	Amon_Hen_152
11099	Amon_Hen_158
11094	Amon_Hen_160
10818	Amon_Hen_164
10814	Amon_Hen_167
10812	Amon_Hen_169
10811	Amon_Hen_170
10808	Amon_Hen_172
10807	Amon_Hen_173
10740	Amon_Hen_177
10782	Amon_Hen_179
10781	Amon_Hen_180
10780	Amon_Hen_181
10773	Amon_Hen_183
10771	Amon_Hen_185
6952	Amon_Hen_195
16606	Amon_Hen_206
20766	Amon_Hen_208
23814	Amon_Hen_217
51677	Amon_Hen_255
28984	An_Extrapolation_on_The_Silmarillion
27847	Andúril_(UK)
45693	Belladonna's_Broadsheet
15222	Birthday_Toast
42380	Brin_Dunsire
54696	Death_and_Immortality_in_Middle-earth
27774	Digging_Potatoes,_Growing_Trees
51266	Enyalië
46952	Freedom,_Fate_and_Choice_in_Middle-earth
19506	Gollum:_How_We_Made_Movie_Magic
42382	Hartley_Patterson
938	J.R.R._Tolkien
22018	J.R.R._Tolkien:_The_Man_Who_Created_the_Lord_of_the_Rings
16102	J.R.R._Tolkien_Centenary_Conference
15603	John_Tolkien
42381	Jonathan_Simons
51443	Journeys_&_Destinations
42383	Keith_Bridges
25276	Leaves_from_the_Tree
28258	Letter_to_Vera_Chapman_and_the_Tolkien_Society
6474	Mallorn_(journal)
23334	Master_of_the_Rings:_The_Unauthorized_Story_Behind_J.R.R._Tolkien's_'Lord_of_the_Rings'
42377	Matthew_Vernon
9253	Oxonmoot
9785	Peter_Roe_Memorial_Fund
55281	Poetry_and_Song_in_the_works_of_J.R.R._Tolkien
15821	Priscilla_Tolkien
20170	Proceedings_of_the_J.R.R._Tolkien_Centenary_Conference
20287	Quettar
5936	Rayner_Unwin
42376	Sally_Kennett
40018	Shaun_Gunner
46965	Sindarin_Lexicon
4407	Smials
39151	Some_Light_on_Middle-earth
46970	The_Best_of_Amon_Hen
26028	The_First_and_Second_Ages
15167	The_Hobbit_Companion
15442	The_Lord_of_the_Rings:_The_Making_of_the_Movie_Trilogy
5264	The_Lord_of_the_Rings:_The_Return_of_the_King
5265	The_Lord_of_the_Rings_(film_series)
54700	The_Return_Of_The_Ring:_Proceedings_of_the_Tolkien_Society_Conference_2012
35234	The_Return_of_the_Ring
41353	The_Ring_Goes_Ever_On:_Proceedings_of_the_Tolkien_2005_Conference
11307	The_Tolkien_Society
45694	The_Tolkien_Society_Bulletin
46122	The_Tolkien_Society_Guide_to_Oxford
46956	The_Ways_of_Creative_Mythologies
46954	Tolkien,_the_Sea_and_Scandinavia
46958	Tolkien:_A_Mythology_for_England?
46967	Tolkien:_Influenced_and_Influencing
15786	Tolkien_2005
28222	Tolkien_2005_Souvenir_Book
14466	Tolkien_Reading_Day
26027	Tolkien_and_Romanticism
4738	Tolkien_fandom
26029	Travel_and_Communication_in_Tolkien's_Worlds
18821	Vera_Chapman
42653	Category:Publications_by_the_Tolkien_Society
