18294	13_March
18297	15_March
1045	Anduin
1020	Battle_of_the_Pelennor_Fields
16470	Causeway_Forts
6945	Christina_Scull
1884	Denethor
20672	Echor
2046	Ecthelion_II
2730	Gondor
2762	Great_Gate_of_Minas_Tirith
2828	Grimbold
2930	Harlond_(Gondor)
3587	Ithilien
938	J.R.R._Tolkien
3947	Minas_Tirith
7161	Minas_Tirith_(chapter)
4226	Osgiliath
4252	Pelennor_Fields
17794	Rammas
6926	Robert_Foster
4426	Sauron
4496	Sindarin
13013	Song_of_the_Mounds_of_Mundburg
4551	Stewards_of_Gondor
7171	The_Battle_of_the_Pelennor_Fields
1766	The_Complete_Guide_to_Middle-earth
975	The_Lord_of_the_Rings
6931	The_Lord_of_the_Rings:_A_Reader's_Companion
5264	The_Lord_of_the_Rings:_The_Return_of_the_King
19186	The_Lord_of_the_Rings:_The_Return_of_the_King_(video_game)
5262	The_Return_of_the_King
41304	The_Ride_of_the_Rohirrim_(scene)
7169	The_Siege_of_Gondor
4690	Third_Age
15907	Third_Age_2953
15906	Third_Age_2954
15898	Third_Age_2984
14603	Third_Age_3019
6943	Wayne_G._Hammond
4975	Witch-king
37386	Category:Images_of_Rammas_Echor
