18670	1_December
18554	2009
47667	A_Fellowship_Endangered
36541	Allies_of_the_King
1045	Anduin
2423	Aragorn
1911	Dol_Guldur
35216	Drums_in_the_Deep
1974	Dunland
29330	Echoes_in_the_Dark
35199	Echoes_of_the_Dead
2128	Elrond
2193	Enedwaith
35215	Fire_and_Water_(Mines_of_Moria)
35218	Fortress_of_the_Nazgul
2539	Galadriel
2815	Grey_Company
2889	Halbarad
35226	In_Their_Absence
47668	Into_the_Riddermark
32331	King_Under_the_Mountain_(minigame)
4650	Kinships_(The_Lord_of_the_Rings_Online)
35203	Leaves_of_Lórien
3823	Lothlórien
996	Middle-earth
22069	Middle-earth_Online
36540	Mines_of_Moria_(volume)
3964	Mirkwood
31079	Mirkwood_(disambiguation)
38594	Mists_of_Anduin
4068	Nazgûl
4048	Nár
35197	Oath_of_the_Rangers
35219	Of_Elves_and_Dwarves
35225	Prologue_(Allies_of_the_King)
35224	Prologue_(Mines_of_Moria)
4303	Rangers_of_the_North
35198	Ride_of_the_Grey_Company
1423	Ring_of_Barahir
36331	Rise_of_Isengard
4364	Rivendell
4377	Rohan
4425	Saruman
35208	Scourge_of_Khazad-dûm
47670	Snows_of_Wildermore
47673	The_Battle_of_the_Hornburg_(Allies_of_the_King)
47671	The_Golden_Hall
29331	The_Lord_of_Moria
975	The_Lord_of_the_Rings
21653	The_Lord_of_the_Rings_Online
44955	The_Lord_of_the_Rings_Online:_Helm's_Deep
21672	The_Lord_of_the_Rings_Online:_Mines_of_Moria
22090	The_Lord_of_the_Rings_Online:_Mines_of_Moria_(soundtrack)
38151	The_Lord_of_the_Rings_Online:_Riders_of_Rohan
30979	The_Lord_of_the_Rings_Online:_Rise_of_Isengard
8887	The_Lord_of_the_Rings_Online:_Shadows_of_Angmar
22059	The_Lord_of_the_Rings_Online:_Shadows_of_Angmar_(soundtrack)
28107	The_Lord_of_the_Rings_Online_Adventure_Pack
28108	The_Lord_of_the_Rings_Online_Loot_Bag
38149	The_Prince_of_Rohan
35217	The_Shadowy_Abyss
47678	The_Strength_of_Sauron
47669	The_Third_Marshal
23965	The_Walls_of_Moria
47674	The_Waters_of_Isengard
4715	Thrór
14915	Turbine
47672	War_in_the_Westemnet
35697	Category:The_Lord_of_the_Rings_Online_Ships
27841	Category:The_Lord_of_the_Rings_Online_books
50598	Category:The_Lord_of_the_Rings_Online_characters
22043	Category:The_Lord_of_the_Rings_Online_locations
26436	Category:The_Lord_of_the_Rings_Online_structures
